{"cameraMode":{"drawMode":0,"name":"Shaded","section":"Shading Mode"},"sceneLighting":false,"audioPlay":false,"sceneViewState":{"showFog":true,"showMaterialUpdate":false,"showSkybox":true,"showFlares":true,"showImageEffects":true,"showParticleSystems":true},"in2DMode":false,"pivot":{"x":17.188520431518556,"y":-4.0607008934021,"z":17.189594268798829},"rotation":{"x":0.3392474055290222,"y":0.17823576927185059,"z":-0.06563040614128113,"w":0.9213290214538574},"size":17.518787384033204,"orthographic":false}