{"cameraMode":{"drawMode":0,"name":"Shaded","section":"Shading Mode"},"sceneLighting":false,"audioPlay":false,"sceneViewState":{"showFog":true,"showMaterialUpdate":false,"showSkybox":false,"showFlares":true,"showImageEffects":true,"showParticleSystems":true},"in2DMode":false,"pivot":{"x":4.9698004722595219,"y":0.44100046157836916,"z":1.9456889629364014},"rotation":{"x":0.19532935321331025,"y":0.23910093307495118,"z":-0.0491686686873436,"w":0.9498768448829651},"size":4.5963263511657719,"orthographic":false}