{"cameraMode":{"drawMode":0,"name":"Shaded","section":"Shading Mode"},"sceneLighting":false,"audioPlay":false,"sceneViewState":{"showFog":true,"showMaterialUpdate":false,"showSkybox":true,"showFlares":true,"showImageEffects":true,"showParticleSystems":true},"in2DMode":false,"pivot":{"x":44.01608657836914,"y":0.5,"z":5.811779975891113},"rotation":{"x":0.6080366969108582,"y":0.046370476484298709,"z":-0.03561076521873474,"w":0.7917535901069641},"size":55.41328811645508,"orthographic":false}