{"cameraMode":{"drawMode":0,"name":"Shaded","section":"Shading Mode"},"sceneLighting":false,"audioPlay":false,"sceneViewState":{"showFog":true,"showMaterialUpdate":false,"showSkybox":false,"showFlares":true,"showImageEffects":true,"showParticleSystems":true},"in2DMode":false,"pivot":{"x":-0.21686241030693055,"y":0.9686243534088135,"z":0.005003750324249268},"rotation":{"x":0.19532935321331025,"y":0.23910093307495118,"z":-0.0491686686873436,"w":0.9498768448829651},"size":5.874090194702148,"orthographic":false}