{"cameraMode":{"drawMode":0,"name":"Shaded","section":"Shading Mode"},"sceneLighting":false,"audioPlay":false,"sceneViewState":{"showFog":true,"showMaterialUpdate":false,"showSkybox":true,"showFlares":true,"showImageEffects":true,"showParticleSystems":true},"in2DMode":false,"pivot":{"x":638.2902221679688,"y":166.7962646484375,"z":350.6864929199219},"rotation":{"x":0.5110290050506592,"y":-0.006446628365665674,"z":0.003832802642136812,"w":0.8595312833786011},"size":529.1215209960938,"orthographic":false}