{"cameraMode":{"drawMode":0,"name":"Shaded","section":"Shading Mode"},"sceneLighting":false,"audioPlay":false,"sceneViewState":{"showFog":true,"showMaterialUpdate":false,"showSkybox":true,"showFlares":true,"showImageEffects":true,"showParticleSystems":true},"in2DMode":false,"pivot":{"x":1.5997645854949952,"y":0.5829721689224243,"z":1.2988853454589844},"rotation":{"x":0.5110290050506592,"y":-0.006446628365665674,"z":0.003832802642136812,"w":0.8595312833786011},"size":9.293521881103516,"orthographic":false}